record_id,actual_is_cancelled,predicted_is_cancelled,cancel_probability,model,threshold
test_0001,0,1,0.6835350157419511,Logistic Regression,0.45
test_0002,0,0,0.40943074698096943,Logistic Regression,0.45
test_0003,0,1,0.5125305689108172,Logistic Regression,0.45
test_0004,0,1,0.6022331996078735,Logistic Regression,0.45
test_0005,0,1,0.7463770890189995,Logistic Regression,0.45
test_0006,1,0,0.22280215107967963,Logistic Regression,0.45
test_0007,0,0,0.41952558443305354,Logistic Regression,0.45
test_0008,0,0,0.39814710285970334,Logistic Regression,0.45
test_0009,1,0,0.2957678817380834,Logistic Regression,0.45
test_0010,0,1,0.5230721290188192,Logistic Regression,0.45
test_0011,0,0,0.2211239396334805,Logistic Regression,0.45
test_0012,0,0,0.2219123917249498,Logistic Regression,0.45
test_0013,1,0,0.23005856273884204,Logistic Regression,0.45
test_0014,0,0,0.41575290437626,Logistic Regression,0.45
test_0015,1,1,0.49290494781081334,Logistic Regression,0.45
test_0016,0,0,0.341847604428774,Logistic Regression,0.45
test_0017,0,1,0.4554095735945259,Logistic Regression,0.45
test_0018,0,1,0.4920830758661472,Logistic Regression,0.45
test_0019,0,0,0.33317593084118374,Logistic Regression,0.45
test_0020,0,0,0.42900056688596405,Logistic Regression,0.45
test_0021,1,0,0.359574059673348,Logistic Regression,0.45
test_0022,0,1,0.4527121316152469,Logistic Regression,0.45
test_0023,1,1,0.7470166936545017,Logistic Regression,0.45
test_0024,0,0,0.20142692981839244,Logistic Regression,0.45
test_0025,0,1,0.5850616449693612,Logistic Regression,0.45
test_0026,0,0,0.3687086709351149,Logistic Regression,0.45
test_0027,0,0,0.41825620120288526,Logistic Regression,0.45
test_0028,0,1,0.45080934997162003,Logistic Regression,0.45
test_0029,0,0,0.20732249381846593,Logistic Regression,0.45
test_0030,0,0,0.23617035378728587,Logistic Regression,0.45
test_0031,0,0,0.3376893469835554,Logistic Regression,0.45
test_0032,0,0,0.3118769990644108,Logistic Regression,0.45
test_0033,1,1,0.7679121338271676,Logistic Regression,0.45
test_0034,1,1,0.609434776231128,Logistic Regression,0.45
test_0035,1,1,0.4932310740162481,Logistic Regression,0.45
test_0036,1,0,0.35439733055873124,Logistic Regression,0.45
test_0037,0,0,0.33519571910710266,Logistic Regression,0.45
test_0038,1,0,0.3542051272600644,Logistic Regression,0.45
test_0039,0,0,0.3312292146210498,Logistic Regression,0.45
test_0040,0,1,0.5578015831876499,Logistic Regression,0.45
test_0041,1,1,0.451113848745552,Logistic Regression,0.45
test_0042,1,0,0.33862406921717164,Logistic Regression,0.45
test_0043,0,0,0.3799645230465176,Logistic Regression,0.45
test_0044,0,1,0.5890902399674884,Logistic Regression,0.45
test_0045,0,0,0.3295031293495806,Logistic Regression,0.45
test_0046,0,1,0.6512361019373695,Logistic Regression,0.45
test_0047,0,0,0.2936589550122018,Logistic Regression,0.45
test_0048,0,0,0.4496941479853595,Logistic Regression,0.45
test_0049,0,0,0.39730985901884514,Logistic Regression,0.45
test_0050,0,0,0.40918898860995634,Logistic Regression,0.45
