order_id,customer_id,is_cancelled,age,item_count,total_quantity,order_amount,order_month,order_dayofweek,gender,city,payment_method
238,124,0,67,2,7,361000,7,2,M,대구,bank_transfer
12,98,0,61,2,6,444000,7,5,F,인천,kakao_pay
169,9,0,69,1,4,448000,7,5,M,서울,kakao_pay
97,11,1,35,3,5,276000,7,0,M,대구,bank_transfer
61,4,0,55,3,6,603000,7,5,F,울산,bank_transfer
245,37,0,65,2,6,794000,7,6,M,고양,naver_pay
2,77,1,64,1,4,756000,7,2,M,서울,naver_pay
177,102,0,60,3,9,915000,7,6,M,고양,kakao_pay
191,40,0,23,2,6,888000,7,0,M,서울,naver_pay
158,77,0,64,2,8,1416000,7,1,M,서울,naver_pay
221,71,1,35,4,16,2821000,7,3,F,수원,kakao_pay
184,57,1,23,4,13,1892000,8,5,F,수원,card
8,137,1,68,2,7,815000,8,6,M,울산,card
253,114,1,60,3,7,634000,8,0,F,성남,naver_pay
276,87,0,31,3,7,713000,8,0,M,울산,bank_transfer
187,78,0,21,1,4,608000,8,1,F,울산,naver_pay
236,80,0,30,1,2,118000,8,2,F,인천,kakao_pay
231,24,0,41,1,2,50000,8,4,F,대전,naver_pay
299,135,0,28,2,6,1078000,8,4,F,대구,bank_transfer
49,104,0,33,3,10,1056000,8,6,M,광주,bank_transfer
82,121,0,34,1,2,326000,8,6,M,서울,kakao_pay
197,102,0,60,4,13,1649000,8,6,M,고양,kakao_pay
98,133,0,67,4,13,1098000,8,2,M,성남,naver_pay
224,30,1,32,3,4,312000,8,4,F,서울,bank_transfer
144,26,1,56,2,6,1200000,8,5,F,대구,card
167,65,0,33,2,5,957000,8,5,F,인천,bank_transfer
17,58,0,66,2,9,1059000,8,6,F,성남,card
182,60,0,34,4,11,1641000,8,3,F,성남,naver_pay
267,5,0,19,4,7,994000,8,3,F,부산,naver_pay
123,71,0,35,1,2,394000,8,5,F,수원,naver_pay
127,115,0,60,4,10,1173000,8,5,M,부산,naver_pay
199,55,0,69,3,8,837000,8,5,M,광주,card
155,3,0,61,3,13,1603000,8,1,F,성남,naver_pay
162,92,0,31,2,3,267000,8,1,M,서울,kakao_pay
275,21,0,23,2,5,526000,9,0,M,인천,naver_pay
193,9,0,69,2,6,684000,9,2,M,서울,kakao_pay
192,126,0,53,2,7,781000,9,3,M,서울,naver_pay
25,148,1,29,2,9,1025000,9,4,M,고양,naver_pay
237,148,0,29,2,2,271000,9,5,M,고양,bank_transfer
278,30,0,32,1,3,489000,9,2,F,서울,bank_transfer
234,106,1,38,2,5,411000,9,5,M,부산,kakao_pay
27,63,0,60,3,11,1375000,9,6,M,대전,card
150,47,0,36,1,2,306000,9,0,F,울산,bank_transfer
65,73,1,33,4,14,1605000,9,1,M,수원,naver_pay
132,122,1,58,3,6,858000,9,2,F,울산,naver_pay
176,20,0,20,4,13,1399000,9,2,F,인천,bank_transfer
133,39,0,32,4,19,1298000,9,5,M,대구,naver_pay
146,12,0,66,2,5,396000,9,6,F,대전,kakao_pay
265,144,0,22,4,12,1626000,9,0,M,광주,kakao_pay
226,87,1,31,2,2,245000,9,4,M,울산,naver_pay
228,110,0,40,3,10,804000,9,5,F,부산,kakao_pay
67,14,1,40,4,13,1949000,9,6,F,대전,kakao_pay
134,33,0,31,2,7,235000,9,1,M,수원,kakao_pay
100,24,0,41,2,9,1108000,10,3,F,대전,naver_pay
207,7,0,53,2,9,1173000,10,4,F,인천,bank_transfer
269,104,0,33,2,5,440000,10,4,M,광주,naver_pay
148,111,0,41,4,12,1194000,10,5,F,광주,bank_transfer
122,49,0,50,2,6,262000,10,6,M,대구,bank_transfer
246,37,0,65,4,12,1328000,10,6,M,고양,card
255,56,0,21,4,15,1491000,10,0,F,인천,card
83,60,0,34,4,9,1171000,10,3,F,성남,kakao_pay
89,146,1,61,4,11,1437000,10,3,M,성남,kakao_pay
233,16,0,52,3,8,1286000,10,3,M,부산,kakao_pay
53,117,0,65,3,10,350000,10,4,F,성남,kakao_pay
103,106,0,38,4,15,2118000,10,4,M,부산,naver_pay
46,143,1,43,3,5,348000,10,5,F,대전,bank_transfer
198,32,0,31,4,16,1170000,10,6,F,고양,naver_pay
121,117,1,65,3,13,1452000,10,0,F,성남,bank_transfer
178,102,0,60,1,1,140000,10,1,M,고양,card
70,14,0,40,4,11,905000,10,3,F,대전,bank_transfer
229,96,1,21,1,4,724000,10,5,F,성남,bank_transfer
257,125,0,28,3,11,868000,10,5,M,수원,kakao_pay
273,112,0,46,1,4,20000,10,6,F,성남,card
31,108,0,22,1,5,825000,10,0,F,성남,naver_pay
119,131,1,40,2,6,1038000,10,1,F,인천,kakao_pay
294,147,0,19,3,13,2053000,10,1,M,부산,bank_transfer
156,140,0,32,2,7,524000,10,2,M,인천,bank_transfer
77,26,0,56,1,5,735000,10,3,F,대구,bank_transfer
137,105,0,26,2,7,885000,10,3,M,광주,bank_transfer
50,149,1,20,3,7,595000,10,4,M,부산,kakao_pay
143,59,1,26,1,4,772000,10,5,F,수원,card
249,41,0,27,4,15,1229000,10,5,F,대구,kakao_pay
171,107,0,47,4,15,1964000,10,6,F,고양,bank_transfer
247,136,1,19,2,8,1573000,10,0,M,대구,bank_transfer
286,113,1,57,3,9,1049000,10,1,M,성남,card
160,99,0,25,3,10,860000,10,2,M,고양,naver_pay
244,90,0,36,2,9,671000,10,2,M,울산,card
99,47,1,36,2,5,269000,10,3,F,울산,naver_pay
147,76,0,45,4,9,996000,10,4,M,울산,kakao_pay
196,140,0,32,2,8,505000,11,6,M,인천,kakao_pay
104,103,1,34,4,8,951000,11,0,M,인천,card
218,126,0,53,2,9,495000,11,0,M,서울,naver_pay
291,95,0,50,1,5,760000,11,0,M,성남,kakao_pay
120,124,0,67,3,7,639000,11,1,M,대구,naver_pay
280,27,0,28,1,5,700000,11,1,F,수원,bank_transfer
126,149,0,20,4,10,1295000,11,4,M,부산,naver_pay
44,3,0,61,3,13,1575000,11,0,F,성남,bank_transfer
60,93,0,65,4,13,804000,11,5,F,대전,bank_transfer
11,47,0,36,1,3,222000,11,0,F,울산,card
71,145,0,59,3,8,621000,11,0,M,성남,kakao_pay
175,87,1,31,4,11,1280000,11,0,M,울산,card
3,138,1,35,3,13,1435000,11,2,F,대구,bank_transfer
116,105,0,26,4,9,936000,11,4,M,광주,card
68,30,1,32,2,5,951000,11,5,F,서울,card
19,6,0,32,2,3,260000,11,1,F,성남,bank_transfer
59,50,0,58,4,11,1536000,12,1,F,광주,kakao_pay
210,68,0,22,1,3,33000,12,1,F,서울,card
185,78,0,21,3,8,544000,12,2,F,울산,naver_pay
293,149,1,20,2,6,560000,12,3,M,부산,card
85,68,1,22,2,7,755000,12,4,F,서울,bank_transfer
101,105,0,26,2,7,1016000,12,4,M,광주,kakao_pay
239,90,0,36,1,4,472000,12,5,M,울산,kakao_pay
14,98,1,61,1,3,564000,12,3,F,인천,kakao_pay
112,34,1,59,3,9,1516000,12,5,M,수원,kakao_pay
266,102,1,60,4,16,1981000,12,5,M,고양,card
5,125,1,28,2,6,941000,12,6,M,수원,card
217,103,0,34,3,13,923000,12,6,M,인천,naver_pay
18,8,0,32,3,11,794000,12,1,M,수원,bank_transfer
39,146,0,61,1,5,1000000,12,2,M,성남,naver_pay
287,114,0,60,2,5,621000,12,3,F,성남,kakao_pay
298,64,1,51,1,4,696000,12,3,M,수원,naver_pay
174,66,0,39,2,5,496000,12,4,F,서울,naver_pay
213,132,1,60,1,3,333000,12,4,F,부산,card
211,108,0,22,2,9,711000,12,0,F,성남,card
240,72,1,52,3,9,1082000,12,0,F,대구,bank_transfer
52,141,0,40,3,8,1241000,12,1,M,광주,kakao_pay
118,40,0,23,2,5,565000,12,2,M,서울,naver_pay
252,13,0,23,4,17,1549000,12,2,F,울산,card
23,30,0,32,4,8,919000,1,4,F,서울,bank_transfer
38,116,1,34,3,4,303000,1,6,F,부산,bank_transfer
55,50,0,58,1,1,84000,1,6,F,광주,kakao_pay
243,70,0,22,3,6,924000,1,1,M,성남,kakao_pay
289,19,1,54,4,15,1078000,1,1,M,인천,kakao_pay
108,119,0,63,2,8,1064000,1,2,F,대전,naver_pay
173,129,0,45,4,15,1142000,1,4,F,대구,kakao_pay
181,98,0,61,2,4,454000,1,4,F,인천,kakao_pay
37,63,0,60,1,4,300000,1,6,M,대전,card
136,117,0,65,3,11,1116000,1,0,F,성남,card
66,113,0,57,1,3,579000,1,1,M,성남,kakao_pay
86,30,0,32,4,12,1432000,1,1,F,서울,bank_transfer
16,5,0,19,2,6,1010000,1,2,F,부산,card
94,83,0,22,4,10,618000,1,2,F,수원,kakao_pay
166,91,0,27,1,2,110000,1,2,M,인천,bank_transfer
186,36,0,65,4,6,471000,1,2,F,성남,card
297,22,0,42,2,9,512000,1,3,F,광주,bank_transfer
295,122,0,58,1,5,375000,1,6,F,울산,bank_transfer
9,145,0,59,2,3,236000,1,1,M,성남,card
80,20,0,20,4,12,1792000,1,5,F,인천,bank_transfer
29,137,0,68,2,3,361000,1,0,M,울산,naver_pay
209,83,0,22,4,13,1368000,1,0,F,수원,card
4,57,1,23,2,7,498000,1,4,F,수원,kakao_pay
110,128,0,41,4,7,1099000,1,4,F,고양,naver_pay
154,66,0,39,4,10,1457000,1,5,F,서울,naver_pay
129,83,0,22,3,6,734000,2,6,F,수원,bank_transfer
35,138,1,35,3,15,2135000,2,0,F,대구,naver_pay
296,116,0,34,2,2,300000,2,0,F,부산,card
114,62,0,63,2,3,292000,2,4,F,광주,bank_transfer
159,117,0,65,1,4,248000,2,5,F,성남,kakao_pay
78,68,0,22,3,9,610000,2,6,F,서울,card
87,69,0,22,2,6,80000,2,6,F,서울,bank_transfer
200,86,0,44,2,7,569000,2,0,F,수원,bank_transfer
195,93,0,65,1,4,656000,2,2,F,대전,card
56,138,0,35,2,7,350000,2,5,F,대구,bank_transfer
170,24,0,41,2,7,338000,2,6,F,대전,kakao_pay
106,83,1,22,3,9,1071000,2,2,F,수원,card
139,102,0,60,4,12,1292000,2,5,M,고양,card
216,8,1,32,3,10,1094000,2,5,M,수원,card
261,66,0,39,2,6,286000,2,6,F,서울,kakao_pay
42,91,0,27,1,2,346000,2,0,M,인천,kakao_pay
242,69,0,22,1,2,50000,2,0,F,서울,card
74,98,1,61,2,10,1005000,2,1,F,인천,naver_pay
142,18,0,58,3,6,1014000,2,1,M,고양,bank_transfer
204,38,0,55,4,13,1800000,2,1,M,울산,card
300,96,1,21,1,5,160000,2,2,F,성남,kakao_pay
203,56,0,21,1,4,784000,2,5,F,인천,bank_transfer
222,136,1,19,4,9,672000,3,6,M,대구,kakao_pay
57,56,0,21,1,2,136000,3,0,F,인천,naver_pay
32,111,1,41,2,6,914000,3,2,F,광주,kakao_pay
206,65,0,33,3,6,738000,3,3,F,인천,bank_transfer
220,38,0,55,4,12,1034000,3,4,M,울산,card
227,107,0,47,3,6,361000,3,5,F,고양,card
260,78,0,21,2,5,677000,3,5,F,울산,bank_transfer
189,35,1,34,4,7,556000,3,0,F,대구,naver_pay
20,33,0,31,4,15,1678000,3,2,M,수원,naver_pay
163,6,0,32,4,11,1089000,3,3,F,성남,naver_pay
92,139,1,42,3,11,1508000,3,6,F,서울,naver_pay
10,110,1,40,3,15,1920000,3,0,F,부산,bank_transfer
270,30,0,32,2,4,360000,3,0,F,서울,naver_pay
30,18,0,58,4,15,906000,3,1,M,고양,kakao_pay
6,87,0,31,4,15,1309000,3,5,M,울산,naver_pay
230,18,0,58,3,7,1040000,3,5,M,고양,card
262,31,1,43,3,9,1359000,3,5,M,광주,card
105,23,0,58,4,16,1931000,3,6,M,대전,kakao_pay
58,135,0,28,4,9,1092000,3,1,F,대구,kakao_pay
254,114,0,60,4,7,1078000,3,1,F,성남,naver_pay
290,116,0,34,4,15,637000,4,2,F,부산,card
90,32,0,31,4,10,1219000,4,3,F,고양,naver_pay
102,27,0,28,1,1,162000,4,3,F,수원,bank_transfer
131,106,0,38,1,3,225000,4,3,M,부산,card
292,24,1,41,1,3,102000,4,6,F,대전,naver_pay
75,77,0,64,3,7,209000,4,0,M,서울,naver_pay
117,30,0,32,1,5,390000,4,0,F,서울,naver_pay
250,84,0,21,4,13,1197000,4,1,F,성남,card
24,28,0,35,2,5,881000,4,2,M,성남,card
153,37,1,65,1,1,172000,4,2,M,고양,bank_transfer
248,108,0,22,1,1,55000,4,2,F,성남,naver_pay
93,21,1,23,3,12,1317000,4,4,M,인천,card
84,117,0,65,4,14,1423000,4,0,F,성남,card
124,130,0,37,4,13,1261000,4,1,F,대전,kakao_pay
138,121,0,34,3,11,1119000,4,2,M,서울,kakao_pay
41,47,0,36,4,11,1059000,4,4,F,울산,naver_pay
28,31,0,43,1,3,306000,4,5,M,광주,card
223,130,0,37,3,14,681000,4,1,F,대전,naver_pay
128,86,1,44,3,13,932000,4,2,F,수원,naver_pay
113,125,0,28,2,6,602000,4,3,M,수원,card
282,40,0,23,4,13,1566000,4,4,M,서울,card
54,65,0,33,2,6,412000,4,5,F,인천,bank_transfer
165,128,0,41,2,8,1231000,4,6,F,고양,kakao_pay
88,16,0,52,1,4,772000,4,1,M,부산,bank_transfer
140,137,0,68,4,9,1034000,4,2,M,울산,naver_pay
130,147,0,19,2,8,937000,4,3,M,부산,naver_pay
201,145,0,59,1,1,175000,4,3,M,성남,bank_transfer
225,116,1,34,2,7,1035000,4,3,F,부산,bank_transfer
36,112,0,46,1,4,92000,5,0,F,성남,kakao_pay
1,123,0,20,4,14,1436000,5,3,M,서울,card
259,15,0,69,1,2,252000,5,0,M,서울,card
279,90,0,36,3,8,688000,5,0,M,울산,bank_transfer
263,111,0,41,4,15,694000,5,5,F,광주,bank_transfer
33,40,0,23,1,3,504000,5,6,M,서울,naver_pay
194,114,0,60,3,6,257000,5,1,F,성남,naver_pay
15,65,1,33,2,9,1677000,5,5,F,인천,card
40,8,0,32,3,8,738000,5,6,M,수원,naver_pay
22,66,0,39,4,9,854000,5,0,F,서울,kakao_pay
47,126,0,53,3,11,685000,5,1,M,서울,naver_pay
145,43,0,42,3,13,1863000,5,2,M,고양,kakao_pay
13,117,0,65,2,9,963000,6,1,F,성남,kakao_pay
45,62,1,63,1,2,308000,6,2,F,광주,naver_pay
63,75,1,60,3,9,431000,6,2,F,울산,bank_transfer
215,12,1,66,3,9,1093000,6,6,F,대전,kakao_pay
168,11,1,35,1,2,10000,6,3,M,대구,kakao_pay
51,142,1,32,3,13,1877000,6,0,F,서울,kakao_pay
21,145,1,59,3,11,1767000,6,4,M,성남,bank_transfer
212,122,0,58,2,4,359000,6,3,F,울산,naver_pay
272,118,0,35,3,4,344000,6,3,F,광주,kakao_pay
285,83,0,22,2,10,1160000,6,1,F,수원,kakao_pay
256,111,0,41,4,11,1265000,7,2,F,광주,card
48,24,0,41,2,9,923000,7,6,F,대전,kakao_pay
179,138,1,35,1,1,86000,7,2,F,대구,card
