dataset,column,dataset_exists,exists,status
customers,age,True,True,PASS
customers,city,True,True,PASS
customers,customer_id,True,True,PASS
customers,gender,True,True,PASS
products,category,True,True,PASS
products,price,True,True,PASS
products,product_id,True,True,PASS
products,product_name,True,True,PASS
orders,customer_id,True,True,PASS
orders,order_date,True,True,PASS
orders,order_id,True,True,PASS
orders,order_status,True,True,PASS
orders,payment_method,True,True,PASS
order_items,order_id,True,True,PASS
order_items,order_item_id,True,True,PASS
order_items,product_id,True,True,PASS
order_items,quantity,True,True,PASS
order_items,unit_price,True,True,PASS
