check_item,status,evidence
운영 데이터가 아닌 복사한 소량 샘플을 사용하는가?,REVIEW,
입력 데이터는 가능하면 read-only로 제공되는가?,REVIEW,
API Key·클라우드 credential·DB 비밀번호가 없는 환경인가?,REVIEW,
실행 환경은 작업 후 폐기 가능한 disposable 환경인가?,REVIEW,
쓰기 허용 경로가 별도 output 폴더 등 allowlist로 제한되는가?,REVIEW,
불필요한 네트워크 접근을 기본 차단했는가?,REVIEW,
CPU·메모리·실행 시간·프로세스 수·디스크 사용량 제한이 있는가?,REVIEW,
실행 전 저장소와 대상 폴더의 baseline 상태를 기록했는가?,REVIEW,
"실행 시작·종료 시각, exit code, timeout 여부를 기록할 수 있는가?",REVIEW,
실행 후 생성·수정 파일 목록과 허용 경로 밖 변경을 비교할 수 있는가?,REVIEW,
실행 환경의 Python·핵심 package 버전을 기록할 수 있는가?,REVIEW,
