상품명,실제_분야,예측_분야
제로 투 원(10주년 기념판),경제/경영,소설
사랑과 멸종을 바꿔 읽어보십시오,시/에세이,소설
최소한의 한국사,역사/문화,소설
왜 그들만 부자가 되는가,경제/경영,소설
죽이고 싶은 아이,청소년,소설
행동은 불안을 이긴다,자기계발,소설
내가 한 말을 내가 오해하지 않기로 함,시/에세이,소설
쇼펜하우어 인생수업(30만 부 기념 개정증보판),인문,소설
나는 메트로폴리탄 미술관의 경비원입니다,시/에세이,소설
단 3개의 미국 ETF로 은퇴하라,경제/경영,소설
내가 원하는 것을 나도 모를 때,인문,소설
왓츠 유어 드림,자기계발,소설
소년과 두더지와 여우와 말,시/에세이,소설
대통령 윤석열 탄핵 사건 선고 결정문,정치/사회,소설
아주 작은 습관의 힘(50만 부 기념 스페셜 에디션),자기계발,소설
이기적 유전자,과학,소설
어른의 품격을 채우는 100일 필사 노트,자기계발,소설
아이의 뇌,가정/육아,소설
해커스 보카(Hackers Vocabulary),외국어,소설
일본어 무작정 따라하기(완전판),외국어,소설
흔한남매 이무기 3,어린이(초등),소설
숨결이 바람 될 때,시/에세이,소설
악마와 함께 춤을,인문,소설
흔한남매 19,어린이(초등),소설
ETF 투자의 모든 것,경제/경영,소설
사랑의 기술,인문,소설
